,username,text,date,is-retweet,likes,retweets,comments
0,CZ ğŸ”¶ BNB,"My next project. @GiggleAcademy (No logo yet)  Free basic (grade 1-12 ish) education, for all. No revenue. Gamified. Adaptive.  Read the Concept Paper at giggleacademy.com  We are HIRING. Small team, work directly with CZ.",03/19/2024 12:05 AM,False,42117,14464,8354
1,CZ ğŸ”¶ BNB,"I would like to thank everyone for your care and support, be it writing letters, showing support on X, or in any other form. They all mean a lot to me and keep me strong. I will do my time, conclude this phase and focus on the next chapter of my life (education).  I will remain a passive investor (and holder) in crypto. Our industry has entered a new phase. Compliance is super important.  A silver lining of this whole process is that Binance has been under the microscope. And funds are SAFU.  Protect users!",05/01/2024 12:25 AM,False,72087,10005,11194
2,CZ ğŸ”¶ BNB,"We wanted the @GiggleAcademy logo to show youth, fun, positive energy, and growth. We also want to show respect to our â€œBinance heritageâ€.  1. The logo is a childâ€™s face, symbolizing youth. 2. The smiling face is made of the â€œGiâ€ characters (rotated 90 degrees counterclockwise), as in â€œGiâ€ggle. 3. The curved â€œiâ€ is a wink. Fun and playful. 4. The G is a tongue sticking out from the mouth, inspired by the emoji ğŸ˜‹.  5. The outline of the face can be a sunflower, symbolizing livelihood and fast growth. 6. The outline of the face is two overlapping squares. Once you see it, it is hard to unsee it. This is to show our respect to our â€œBinance heritageâ€, whose logo is more squarely. 7. The color is yellow and black, also owing to our â€œBinance heritageâ€. Although, the yellow is a light yellow, more playful. 8. The outline of the face can also look like the sun, especially with the lighter yellow, symbolizing positive energy, for growth globally.",04/24/2024 03:55 AM,False,13273,8625,1143
3,CZ ğŸ”¶ BNB,Finally settled on the logo for @GiggleAcademy.  What can you see in this logo?,04/24/2024 02:58 AM,False,13617,8281,1274
4,CZ ğŸ”¶ BNB,"btw, we moved the goal post a little bit again since a few weeks ago. We are starting at a much earlier age now, 2-3 year olds.   Start at the beginning, instead of somewhere in the ""middle"", and hopefully keep growing with our community, for 18 (or more) years...  Initially, our dev capacity may lag behind a bit, but we intend to catch up once we get to the scaling phase.",04/18/2024 03:36 PM,False,10521,8073,633
5,CZ ğŸ”¶ BNB,"From another work stream, one more WIP (work in progress) screen snippet.  AI voice recognition / rating for kids to speak back.  Still many little problems to fix, make the ears bigger, the rolling eyes, the Chinese on screen, etc. But you get the idea...  Build!",04/18/2024 03:00 PM,False,3779,471,609
6,CZ ğŸ”¶ BNB,Also includes hiring. We only started a month ago.,04/18/2024 12:19 AM,False,1899,156,199
7,CZ ğŸ”¶ BNB,"Took a while, but finally got one lesson going, in an installable Apk. This is a screen recording of the App from my phone. (The poor video cutting also done by meğŸ˜‚. There was audio, but the cutting made it sound weird.)  This is a ""testnet"" lesson. We are still changing quite a bit of it. Don't read too much into it. This version is mainly for me to confirm that we got a complete team that can actually produce something.   This involved a lot more than what meets the eye. We had to design the characters, the content, make animations, make audio, use a game engine, and a whole bunch of developers. ğŸ˜‚   Will find a way to streamline the process going forward. Keep building.",04/18/2024 12:00 AM,False,5892,757,926
8,CZ ğŸ”¶ BNB,EID Mubarak ğŸŒ™,04/11/2024 02:39 AM,False,6448,695,913
9,CZ ğŸ”¶ BNB,"""making progress"", but not all linear. ğŸ˜‚ Also true, we are ""struggling"" to make the first lesson. Lots of debates on what it should look like, what gaming engine to use, features, animation, interactions to include, or not. Start up mode all over again. Like good old times.",04/11/2024 01:30 AM,False,4395,575,822
10,Binance,Please sign this petition and share it widely to #BringTigranHome!  https://www.change.org/p/help-bring-former-us-federal-agent-tigran-gambaryan-home-from-unjust-detention-in-nigeria,04/04/2024 10:15 AM,True,13977,11036,3690
11,CZ ğŸ”¶ BNB,was a while ago.,04/01/2024 08:31 PM,False,2835,295,788
12,CZ ğŸ”¶ BNB,my birthday,04/01/2024 08:30 PM,False,23773,1717,6088
13,CZ ğŸ”¶ BNB,"Some updates on @GiggleAcademy.  We got a team of 10 now. Some part time, some full time. All remote. We have calls together 3 times a week, in addition to adhoc smaller chats.   Hiring is on-going. I do a dozen interviews a week. We are targeting a 15 people team initially.  We finalized the content for the first phonics (English) lesson, and are working on producing it.   We made some adjustments along the way.  We are not making a web version first. We will make an Android version first. Several reasons. In our target market, Android is probably the first device a household gets, before a laptop. Smart phones also have a touch screen, which is easier for kids to interact with. Also with push notifications.  Our first draft of characters is a bit too much like Tom and Jerry, so we are adjusting that. ğŸğŸ˜¸  I am talking to many people and trying many Ed apps. Learning a lot. A lot going on.  Keep building!",03/30/2024 06:27 PM,False,8087,1158,1759
14,CZ ğŸ”¶ BNB,"In non-English speaking countries, knowing English often doubles people's income. Read it somewhere.",03/27/2024 10:16 PM,False,8657,1049,1795
15,CZ ğŸ”¶ BNB,What are some of the best apps for kids (not adults) to learn English for the first time?,03/27/2024 09:54 PM,False,6694,737,2318
16,CZ ğŸ”¶ BNB,Thank you for your support! ğŸ™ Will keep building.,03/21/2024 03:21 AM,False,19917,1591,2668
17,CZ ğŸ”¶ BNB,We are looking for teacher(s) who can create digital content.,03/19/2024 02:41 AM,False,4694,508,1179
18,CZ ğŸ”¶ BNB,"Launching a new project. No, no new tokens. Education project. More details soonâ€¦",03/18/2024 05:43 PM,False,42298,5519,6894
19,Binance,Taiwan's Ministry of Interior named #Binance as the leading exchange for collaborating on law enforcement requests in Taiwan.  We're proud to support the region with our continuous efforts in combating crime worldwide.  Read more â¤µï¸,03/15/2024 03:21 PM,True,2670,524,724
20,CZ ğŸ”¶ BNB,Happy Womenâ€™s day!,03/08/2024 04:38 PM,False,15252,1357,2762
21,CZ ğŸ”¶ BNB,ğŸ¤”,03/05/2024 12:03 AM,False,17208,2177,2890
22,CZ ğŸ”¶ BNB,Happy Valentineâ€™s Day! â¤ï¸,02/14/2024 09:25 PM,False,22017,2955,3858
23,CZ ğŸ”¶ BNB,æ–°å¹´å¿«ä¹ï¼ Happy Chinese New Yearï¼,02/09/2024 04:43 AM,False,29716,3332,6043
24,CZ ğŸ”¶ BNB,Appreciate the support. But will try to stay off twitter for a while. ğŸ™,12/09/2023 12:29 AM,False,22918,4551,8143
25,CZ ğŸ”¶ BNB,"Learning again, by meeting founders.",12/06/2023 04:45 AM,False,16309,2868,4212
26,CZ ğŸ”¶ BNB,GM,12/03/2023 11:20 PM,False,17249,2091,5208
27,CZ ğŸ”¶ BNB,"I got a job in crypto 2 weeks later. Paid a bit less, but I didn't have to go to an office. ğŸ˜‚",12/03/2023 09:10 AM,False,7152,792,892
28,CZ ğŸ”¶ BNB,"10 years ago today, I quit my job, sold my house, and aped into #bitcoin.  No, I am not saying you should do the same. Many people asked, how could you take such risks? Me, I knew I could easily get a job... Everyone's risk profile is different. Learn risk management.",12/03/2023 08:46 AM,False,34885,5564,3647
29,CZ ğŸ”¶ BNB,What is a bitcoin ETF?  https://academy.binance.com/en/articles/bitcoin-etfs-explained,12/02/2023 09:04 PM,False,13494,3064,2464
30,Richard Teng,Pushing ahead with global partnerships and institutional adoption - introducing banking triparty agreement to help institutions manage counterparty risk   https://www.prnewswire.com/news-releases/binance-pilots-banking-triparty-agreement-to-help-institutional-investors-to-manage-counterparty-exposure-302002179.html,11/30/2023 04:12 PM,True,2960,908,791
31,CZ ğŸ”¶ BNB,"Apparently, calorie restriction is the number one longevity fix, exercises and sleep follows. Everything else is behind those, vitamins, supplements, special drugs, stem cells, etc.   Health is wealth. Diet time. My lunchğŸ‘‡. Itâ€™s so bad I only ate half of it. ğŸ˜‚",11/28/2023 05:15 PM,False,14329,2029,3834
32,CZ ğŸ”¶ BNB,ğŸ™ğŸ™ğŸ™,11/28/2023 12:02 PM,False,5207,1277,1658
33,CZ ğŸ”¶ BNB,ğŸ™ 4,11/27/2023 11:13 PM,True,3484,888,658
34,CZ ğŸ”¶ BNB,"Been reading about biotech, thinking about how to use crypto to accelerate research funding there.  Keep building!",11/27/2023 11:15 PM,False,23853,3329,4315
35,CZ ğŸ”¶ BNB,"Two (or 3, if you count the indirect) people said I am stoic today.  ""As Mâ–’â–’ says , you are stoic. U r most stoic person I know.""  ""Sometimes people misunderstand that you're all about business, but even simple things that people don't see, like asking me to send a gift to Pâ–’â–’ (a junior staff) for her wedding just days before this all happened. Your mental strength and stoicity is just crazy nuts.""  Maybe I am? ğŸ˜‚ I just try to solve/fix problems that I encounter in the most logical/effective/efficient way possible, in as calmly a manner as possible.  I only came across the word ""stoic"" reading Ryan Holiday's book not long ago. If you are as bored as I am on Thanks Giving, I recommend reading both of his books ğŸ‘‡.   Overall, I'd say Courage is Calling probably had more impact on me though. ğŸ¤·â€â™‚ï¸  Happy Thanks Giving!",11/24/2023 12:58 AM,False,12125,2191,2902
36,CZ ğŸ”¶ BNB,"The whole ""temporary restriction"" thing was just me trying to send a Happy Thanksgiving tweet. ğŸ˜‚",11/23/2023 10:39 PM,False,3779,348,554
37,CZ ğŸ”¶ BNB,Happy Thanksgiving! ğŸ¦ƒ  No need to FUD. All good now. ğŸ™,11/23/2023 07:19 PM,False,29228,4319,4293
38,Richard Teng,"The fundamentals of our business are VERY strong.   Binance continues to operate the world's largest crypto exchange by volume, our capital structure is debt-free, expenses are modest, and, despite the low fees we charge our users, we have robust revenues and profits.",11/22/2023 06:34 AM,True,12244,2661,1907
39,CZ ğŸ”¶ BNB,"Today, I stepped down as CEO of Binance. Admittedly, it was not easy to let go emotionally. But I know it is the right thing to do. I made mistakes, and I must take responsibility. This is best for our community, for Binance, and for myself.  Binance is no longer a baby. It is time for me to let it walk and run. I know Binance will continue to grow and excel with the deep bench it has.  Iâ€™m pleased to announce that @_RichardTeng, our now former Global Head of Regional Markets, has been named the new CEO of Binance today.  Richard is a highly qualified leader and, with over three decades of financial services and regulatory experience, he will navigate the company through its next period of growth. He will ensure Binance delivers on our next phase of security, transparency, compliance, and growth.  Prior to joining Binance, Richard was CEO of the Financial Services Regulatory Authority at Abu Dhabi Global Market (ADGM); Chief Regulatory Officer of the Singapore Exchange (SGX); and Director of Corporate Finance in the Monetary Authority of Singapore.  With Richard and the entire team, Iâ€™m confident that the best days for @Binance and the crypto industry lay ahead.  As a shareholder and former CEO with historical knowledge of our company, I will remain available to the team to consult as needed, consistent with the framework set out in our U.S. agency resolutions.  Whatâ€™s next for me?  I will take a break first. I have not had a single day of real (phone off) break for the last 6 and half years.  After that, my current thinking is I will probably do some passive investing, being a minority token/shareholder in startups in areas of blockchain/Web3/DeFi, AI and biotech. I am happy that I will finally have more time to spend looking at DeFi.  I canâ€™t see myself being a CEO driving a startup again. I am content being an one-shot (lucky) entrepreneur. Should there be listeners, I may be open to being a coach/mentor to a small number of upcoming entrepreneurs, privately. If for nothing else, I can at least tell them what not to do.  On that note, I am proud to point out that in our resolutions with the U.S. agencies they:  - do not allege that Binance misappropriated any user funds, and - do not allege that Binance engaged in any market manipulation.  Funds are SAFU!  With that, I look forward to seeing the new leadership take the reins. Please join me in congratulating Richard on his well-deserved promotion.  Onwards!  CZ",11/21/2023 08:36 PM,False,159497,35548,38387
40,CZ ğŸ”¶ BNB,#Bitcoin halving soon.,11/19/2023 10:12 PM,False,14799,3058,78
41,CZ ğŸ”¶ BNB,"Investors and founders don't always align. Don't let anyone tell you otherwise.   (To be fair, no two person can always be 100% aligned. I am both a founder and investor.)  Knowing when to let go control of a company you founded is one of the trickiest decisions.",11/18/2023 06:41 PM,False,6476,1495,2067
42,CZ ğŸ”¶ BNB,,11/17/2023 12:11 PM,False,663,145,1
43,CZ ğŸ”¶ BNB,"Created your #Binance Web3 Wallet yet?  Let us know your feedback, so we can keep improvingğŸ™  Use #BinanceWallet when you share your thoughts and you can win some #BNB.",11/17/2023 12:11 PM,False,3389,573,37
44,CZ ğŸ”¶ BNB,"The intern probably just did a Google search, and thinks all Asians (especially with similar names) look the same...ğŸ˜‚",11/16/2023 07:09 PM,False,3466,216,628
45,CZ ğŸ”¶ BNB,Wrong photo...ğŸ˜‚,11/16/2023 07:06 PM,False,14102,1391,2076
46,CZ ğŸ”¶ BNB,Gulf Energy and Binance partnership to showcase Thai Blockchain potential   Regulatory approval secured for Gulf Binance in Thailand.  https://www.cryptopolitan.com/gulf-energy-and-binance-partnership/,11/16/2023 12:16 PM,False,3848,928,939
47,Satoshi Club,"ğŸ‡¯ğŸ‡µ #Binance Japan is set to list 13 more tokens on Nov. 27.  The 13 new tokens are: $APE, $ARB, $EOS, $GALA, $GRT, $HBAR, $IMX, $KLAY, $LSK, $MANA, $NEAR, $OP, $RNDR",11/15/2023 12:01 PM,True,1146,365,413
48,Binance,In Sept & Oct we processed 600+ #Binance feature requests from you ğŸ«¡  Here's some of what you helped us build:  ğŸ”¸ Upgraded Futures Leaderboard ğŸ”¸ Optimized Trading Bot wallet details ğŸ”¸ Futures PNL analysis graphs  Read the #BinanceBuild blog for more ğŸ‘‡,11/14/2023 01:00 PM,True,1242,417,472
49,CZ ğŸ”¶ BNB,"Community.   Congrats @TradingParrot, @RohanJT, @WiseAnalyze, @gkweb3 and @ramiqius! ğŸ™  Hope you had a great time at #BinanceBlockchainWeek.",11/14/2023 07:18 PM,False,1777,390,30
50,Binance,Start using our brand new #Binance Web3 Wallet to win your share of $2000 in #BNB  Hereâ€™s how: ğŸ”¸ Retweet ğŸ”¸ Follow @Binance ğŸ”¸ Share your feedback of the Web3 Wallet using #BinanceWallet  Weâ€™ll pick 10 of the best to win!  Bonus points if you include a screenshot ğŸ“±,11/13/2023 01:00 PM,True,4733,4384,4287
51,CZ ğŸ”¶ BNB,"""#Bitcoin is not a good store of value"", because it's too volatile. ğŸ¤·â€â™‚ï¸",11/14/2023 10:59 AM,False,7446,1454,1276
52,CZ ğŸ”¶ BNB,"Bitcoin is the greatest business model ever invented.   The amount of value created, to the creator (although I assume he would never move/use those coins), to the miners, to other industry participants, and to holders. ğŸ¤¯",11/14/2023 07:59 AM,False,5176,1036,1074
53,CZ ğŸ”¶ BNB,"This is probably based on only on-chain data. ğŸ¤·â€â™‚ï¸  But please don't FOMO. ğŸ™  ---  Over 60,000 Bitcoin millionaires emerge in 2023, 3x more since January https://finbold.com/over-60000-bitcoin-millionaires-emerge-in-2023-3x-more-since-january/",11/13/2023 06:42 AM,False,7066,1575,1598
54,Ash Crypto,"Donâ€™t forget the people who were  - Spreading FUD about Binance  - Wishing for its collapse everyday   - Told you to sell everything & exit all the markets when bitcoin was $15,400  Learn from this. Always make your own decisions & donâ€™t follow anyone blindly on CT, including me",11/13/2023 05:42 AM,True,2305,523,487
55,CZ ğŸ”¶ BNB,"This is also how some crypto projects get advisors and sponsors... ğŸ˜‚  Don't FOMO, DYOR. ğŸ™",11/12/2023 03:24 PM,False,10510,2092,1523
56,CZ ğŸ”¶ BNB,"Wishing you and your loved ones a festival filled with joy, light, and prosperity. May the glow of diyas illuminate your path with happiness and success. May this Diwali bring warmth to your home and fill your heart with the spirit of love and kindness.  Happy Diwali! ğŸª”âœ¨",11/12/2023 03:13 PM,False,3595,708,862
57,Andres Meneses,"Just got an exclusive G-Shock 1 of 50  watch at Binance Blockchain Week Istanbul 2023! It all started with an unexpected invitation on Instagram from a ""@Binance intern"".  Text read: ""Hey! Join our exclusive crypto community. Enjoy VIP privileges, special events, networking, and custom Binance merch. We're rewarding those who've built this industry. Your expertise and insights can shape our future. Interested? Let's talk more!""  ğŸ‰ This initiative is a testament to how Binance values its community. Never expected such a unique thank-you gift! #BinanceBlockchainWeekÂ  #CryptoCommunity #ExclusivePerks  Thank you to the @crypto0gs:  @cz_binance @heyibinance @_RichardTeng @RachelConlan for creating the Binance Circle ğŸ™ğŸ¼",11/12/2023 11:45 AM,True,624,148,230
58,CZ ğŸ”¶ BNB,"I guess ETF is a big deal in the US, but not elsewhere.",11/11/2023 06:24 PM,False,4630,757,934
59,Andres Meneses,"Had an amazing time at #BinanceBlockchainWeek  this week! ğŸŒŸ For those who couldn't make it, I've got you covered. Check out this tour video I made for you guys, and make sure to book your spot for the next one.  @binance #blockchain #Web3",11/11/2023 04:27 PM,True,562,182,202
60,CZ ğŸ”¶ BNB,"2 years ago today, #Bitcoin was at ATH (all time high) of $69,000. ğŸ¤·â€â™‚ï¸ğŸ˜‚",11/11/2023 05:59 AM,False,10241,1835,1626
61,CZ ğŸ”¶ BNB,"Executives from a client were lured on a 'business trip' to Montenegro, where they were abducted and forced to empty their wallets. Total loss ~$12.5m.  We investigated the on chain activities and reached out to our partners earlier today to have the wallet frozen, as all of the funds were taken in USDT and transferred to a Tron wallet. We managed to freeze about $11.8m of the $12.5m stolen.  Real event. Stay #SAFU. ğŸ™",11/10/2023 05:27 PM,False,11685,1651,1667
62,Data Ownership Protocol,"Thank you @Binance for a wonderful event! We had a great time at #BinanceBlockchainWeek sharing our vision, showcasing our technology and taking a step closer to true Data Ownership. A big shout out to our amazing community!  It was wonderful seeing you. Can't wait till next time!",11/10/2023 09:53 AM,True,992,312,241
63,CZ ğŸ”¶ BNB,"Poloniex hacked.  Don't know much details yet. We hope it will be resolved soon, and always ready to help if any of the funds flow our way.   Please stay #SAFU. ğŸ™",11/10/2023 01:44 PM,False,4343,783,962
64,CZ ğŸ”¶ BNB,"Not exactly breaking news, but still interesting to learn the details.  FTX sought regulatory ""crack down"" on Binance to increase market share | Federal Newswire https://thefederalnewswire.com/stories/650289523-ftx-sought-regulatory-crack-down-on-binance-to-increase-market-share",11/10/2023 08:36 AM,False,3387,622,923
65,CZ ğŸ”¶ BNB,US institutions are moving into crypto. What about your country?,11/10/2023 06:33 AM,False,4856,951,1063
66,CZ ğŸ”¶ BNB,"#bitcoin was $15,588 a year ago today. You are so ""lucky"" if you bought or held. ğŸ‘",11/10/2023 05:18 AM,False,15770,2975,1831
67,CZ ğŸ”¶ BNB,Joining #BinanceBlockchainWeek in ~20 minutes for a virtual talk.  See you there.  Livestream: https://www.binance.com/en/live/video?roomId=2160340&ref=BBW2023&utm_source=CZTwitter&utm_medium=GlobalSocial&utm_campaign=BBW2023,11/09/2023 12:51 PM,False,2096,371,33
68,CZ ğŸ”¶ BNB,,11/09/2023 08:29 AM,False,1047,174,272
69,CZ ğŸ”¶ BNB,"In crypto,  2 years of telling people to: zoom out, chill, hold... then 2 years of telling people to: not FOMO. ğŸ¤·â€â™‚ï¸  repeat.",11/09/2023 07:00 AM,False,14519,2395,1794
70,Guilherme Lage,@binance total assets increased around $10B since last month and itâ€™s close to April ATH https://defillama.com/cex/binance-cex?tvl=true&usdInflows=false,11/09/2023 06:55 AM,True,699,150,156
71,CZ ğŸ”¶ BNB,"It's time for #BinanceBlockchainWeek day 2.  If you're not in Istanbul, you can watch on #Binance live.  ğŸ‘‰ https://www.binance.com/en/live/video?roomId=2160340&ref=BBW2023&utm_source=CZTwitter&utm_medium=GlobalSocial&utm_campaign=BBW2023",11/09/2023 06:47 AM,False,2748,372,24
72,CZ ğŸ”¶ BNB,U.S. House's Spending Bill Aims to Hamstring SEC's Gensler Amid His Crypto Crackdown https://www.coindesk.com/policy/2023/11/08/us-houses-spending-bill-aims-to-hamstring-secs-gensler-amid-his-crypto-crackdown/,11/09/2023 06:25 AM,False,2545,474,633
73,MichaelTalksTech,"Day 1 is so good,  i met lots of interesting person there ğŸ˜Š  See u guys in day 2 of #BinanceBlockchainWeek",11/09/2023 04:02 AM,True,411,110,145
74,BNB Chain,"Our Layer 2 solution opBNB has quickly risen to become the second most popular L2 in just a couple of months âš¡ï¸  Now, we're announcing exciting support from @Binance that's set to boost opBNB even further!  Let's dive into the details ğŸ§µ [1/5]  https://www.bnbchain.org/en/blog/opbnb-surges-with-69-market-share-growth-and-binance-supports-withdrawals-and-deposits",11/08/2023 11:11 AM,True,854,329,217
75,Binance,"Hereâ€™s @_RichardTeng announcing the #Binance Web3 Wallet for the first time, live today at #BinanceBlockchainWeek!  Set yours up ğŸ‘‰ https://binance.onelink.me/y874/6q66dfku?af_force_deeplink=true",11/08/2023 08:45 AM,True,1655,436,458
76,Binance Angels,"It's finally arrived! #BinanceBlockchainWeek kicks off today.  #Binance Angels are all geared up to welcome you into an event fuelled by innovation, collaboration, and the drive for financial freedom.",11/08/2023 08:54 AM,True,925,264,218
77,CZ ğŸ”¶ BNB,#BinanceBlockchainWeek has just started.   Livestream: https://www.binance.com/en/live/video?roomId=2160339,11/08/2023 07:53 AM,False,2591,415,29
78,CZ ğŸ”¶ BNB,#Binance is now your one app for all things Web3.    Our new Web3 Wallet lets you connect DeFi to CeFi in one click.    Try it and let us know what you think.    ğŸ‘‰https://binance.onelink.me/y874/6q66dfku?af_force_deeplink=true,11/08/2023 07:50 AM,False,4825,867,61
79,Binance,"Meet the brand new #Binance Web3 Wallet!  Simple, convenient and secure.  Discover more ğŸ‘‡",11/08/2023 07:30 AM,True,10245,4265,3283
80,Crypto ğŸ”¶ Ahmet ğŸ”¸â‚¿ğŸ”¸,Love is beautiful with Binance. ğŸ§¡ğŸ«¡  #BinanceBlockchainWeek #binance,11/08/2023 06:39 AM,True,758,161,224
81,CZ ğŸ”¶ BNB,#BinanceBlockchainWeek today.,11/08/2023 04:08 AM,False,1897,299,22
82,CZ ğŸ”¶ BNB,This is a small internal app being used for testing. Not news.   Unrelated to yesterday's teaser. We'll reveal that at #BinanceBlockchainWeek tomorrow.,11/07/2023 11:09 AM,False,2117,358,35
83,CZ ğŸ”¶ BNB,"Some people are shameless.   After attacking Binance publicly on stage a year ago, now issues a token and puts #Binance logo on their website WITHOUT permission. ğŸ¤¡ğŸ¤·â€â™‚ï¸ğŸ˜‚",11/07/2023 08:43 AM,False,7520,1210,1534
84,CZ ğŸ”¶ BNB,"Experts are very good at telling you what canâ€™t be done. They rarely tell you you can do something new.  Innovators are usually not experts. They donâ€™t know it canâ€™t be done, so they get it done.",11/06/2023 10:34 PM,False,7167,1308,955
85,CZ ğŸ”¶ BNB,BahrainğŸ‡§ğŸ‡­ is a hidden gem in the GCC.,11/06/2023 10:20 PM,False,2525,313,564
86,CZ ğŸ”¶ BNB,Most people have a fallacy of thinking in linear scales.,11/06/2023 01:53 PM,False,4321,768,1001
87,CZ ğŸ”¶ BNB,3 ğŸ‘€,11/06/2023 01:09 PM,False,14084,2361,3483
88,CZ ğŸ”¶ BNB,Can you beat my score? ğŸ˜‚,11/06/2023 06:59 AM,False,518,96,9
89,CZ ğŸ”¶ BNB,"â€œThis 'telephone' has too many shortcomings to be seriously considered as a means of communication. The device is inherently of no value to us.â€ â€” A memo at Western Union, 1878.",11/06/2023 06:21 AM,False,4052,715,849
90,Balaji,"Congress blew him kisses. Journalists gave him applause. Regulators promised to take no action. So it was only Crypto Twitter that uncovered his deception.  Read the actual history of what happened with Sam Bankman-Fried, before it gets memory holed. https://balajis.com/p/crypto-twitter-found-sbfs-fraud",11/06/2023 01:07 AM,True,6148,1464,337
91,Awawat,"Bought some $BNB spot today: - Binance perps listings are accelerating and bullish again (e.g. GAS, CAKE, TWT), - held $200, - SBF trial ending + the info that came out of it discredits a lot of the FUD, - think we can use BNB as a proxy again to assess market sentiment",11/05/2023 01:50 AM,True,1073,216,198
92,CZ ğŸ”¶ BNB,ğŸ¤·â€â™‚ï¸,11/04/2023 08:55 AM,False,2933,520,796
93,CZ ğŸ”¶ BNB,Someone just sent this to me. I don't know who made it. Probably someone in JapanğŸ‡¯ğŸ‡µ. Just thought it is kinda fun. ğŸ˜‚,11/03/2023 12:43 PM,False,1542,152,436
94,CZ ğŸ”¶ BNB,ğŸ˜‚,11/03/2023 12:39 PM,False,8797,1050,2025
95,Binance,Your #Binance P2P experience just got better.  You can now:  ğŸ”¸ Track your P2P transactions in real-time with your iOS Live Activity ğŸ”¸ Research sellers better with new profile details  Swipe to learn more about this week's #BinanceBuild update ğŸ‘‰,11/03/2023 10:00 AM,True,1385,504,450
96,CZ ğŸ”¶ BNB,ğŸ‡³ğŸ‡¬,11/03/2023 08:47 AM,False,10272,2220,4301
97,CZ ğŸ”¶ BNB,#Binance TurkeyğŸ‡¹ğŸ‡· Demonstrates High Security & Privacy Standards Through Global Certifications | Binance Blog https://www.binance.com/en/blog/ecosystem/binance-tr-demonstrates-high-security--privacy-standards-through-global-certifications-4912616310460496179,11/02/2023 03:04 PM,False,2653,783,690
98,CZ ğŸ”¶ BNB,this is a screenshot of the binance.com homepage. ğŸ˜‚,11/02/2023 06:06 AM,False,757,105,136
99,CZ ğŸ”¶ BNB,4 year cycles,11/02/2023 04:54 AM,False,14358,3093,1839
100,CZ ğŸ”¶ BNB,"The interns gave me the cape when I showed up yesterday. I didn't know I was suppose to be Dracula.  Also only just saw this photo on Twitter, and copy and pasted it.",11/01/2023 03:12 PM,False,478,84,157
101,CZ ğŸ”¶ BNB,"A touch late, but happy Halloween!",11/01/2023 03:11 PM,False,8406,1151,1988
102,CZ ğŸ”¶ BNB,Seen it a few times in Dubai. Almost not a thing anymore. ğŸ˜‚,11/01/2023 02:51 PM,False,2474,418,516
103,CZ ğŸ”¶ BNB,Imagine being on the wrong side in history for a better form of money that helps billions. It won't be a good legacy.,11/01/2023 05:44 AM,False,5165,1027,984
104,CZ ğŸ”¶ BNB,"Our thoughts and prayers go out to Mexico ğŸ™  #Binance to issue up to $100 in #BNB to users impacted by Hurricane â€œOtisâ€ in Acapulco, Mexico.  Â» https://www.binance.com/en/blog/all/binance-to-issue-up-to-100-to-registered-users-in-the-hurricane-impacted-acapulco-region-6989714124562365276",10/31/2023 04:58 PM,False,3220,559,40
105,CZ ğŸ”¶ BNB,Happy Halloween.ğŸƒ,10/31/2023 08:08 AM,False,3625,682,57
106,CZ ğŸ”¶ BNB,It seems bad people like to think everyone else is the same as them... ğŸ¤·â€â™‚ï¸   But the truth eventually comes out. ğŸ˜‚,10/31/2023 04:50 AM,False,1185,318,487
107,CZ ğŸ”¶ BNB,#Binance,10/30/2023 08:27 AM,False,2719,398,47
108,CZ ğŸ”¶ BNB,Cumhuriyetimizin 100. yÄ±lÄ± kutlu olsun! ğŸ‡¹ğŸ‡·,10/29/2023 08:17 AM,False,13138,1811,1598
109,CZ ğŸ”¶ BNB,"a 4 post.  This guy, first promises positive coverage, no FUD, etc.    So I agreed to and spent 2 hours with him. He specifically asked to check out the van I use. So, we arrange to pick him up with it. We bought him drinks (orange juice and coffee) and chatted for 2 hours.   Now out of all that, all he could do is talk negatively about my van. ğŸ˜‚ No, it's not like airplane seats (those suck anyway). It's a Toyota Granvia. It has reclining seat backs, good for my herniated-disc back. And no, I never hit anyone in the back with my seat back. I just never do that.  And most importantly, everyone I know â¤ï¸ Dubai!   Normally I would not waste time on this. But once in a while, it's fun to illustrate how bad some FUD come about. Comical in a way. 4",10/29/2023 07:33 AM,False,3011,802,1506
110,CZ ğŸ”¶ BNB,"The point may not have been clearly articulated.   The tie is still here and very ""popular"". Napkins didn't eliminate ties.",10/29/2023 06:34 AM,False,844,134,154
111,CZ ğŸ”¶ BNB,Fiat wonâ€™t disappear any time soon.   The tie ğŸ‘” was originally used as a napkin. ğŸ¤·â€â™‚ï¸  Crypto will make the market bigger.,10/28/2023 10:08 PM,False,6876,1114,1627
112,Matt Hougan,"Two-thirds of all bitcoin has not moved in over a year, an all-time high.    These people owned bitcoin when FTX blew up, and did not sell. They saw bitcoin rise more than 100% this year, and did not sell.  Do you expect them to sell now, before a bitcoin ETF is approved?",10/26/2023 10:35 PM,True,1942,581,287
113,CZ ğŸ”¶ BNB,Users drive everything we do at #Binance.  The team is always listening to feedback and figuring out how to make our products better.   Here's why: https://www.binance.com/en/blog/from-cz/how-our-users-drive-innovation-at-binance-7835266678781766028,10/27/2023 06:00 PM,False,1790,424,25
114,CZ ğŸ”¶ BNB,New Launchpool.,10/27/2023 02:55 PM,False,8561,3220,1575
115,Binance,"""You, our users, drive everything we do at Binance. So every time you see #BinanceBuild on our channels, know that youâ€™re at the heart of it.â€  @cz_binance shares how our ethos to keep building inspired the essence behind #BinanceBuild.  Read here â¡ï¸ https://www.binance.com/en/blog/from-cz/how-our-users-drive-innovation-at-binance-7835266678781766028?ref=AZTKZ9XS&utm_source=BinanceTwitter&utm_medium=GlobalSocial&utm_campaign=GlobalSocial",10/27/2023 06:24 AM,True,1392,503,390
116,Binance,"Weâ€™re excited to announce Kyrylo Khomiakov as our new Regional Head for CEE and Central Asia.  Alongside his deep understanding of local markets and the wider industry, Kyrylo will leverage his 15 years of leadership experience to expand our international presence.  Learn more ğŸ‘‡",10/26/2023 09:00 AM,True,1204,415,366
117,CZ ğŸ”¶ BNB,ğŸ¤·â€â™‚ï¸ much transparency in crypto.,10/25/2023 06:50 PM,False,3130,786,771
118,CZ ğŸ”¶ BNB,Technical issue with a middleware service impacting withdrawals. Funds are SAFU. Our team is on it. ğŸ™,10/25/2023 11:31 AM,False,4063,749,849
119,CZ ğŸ”¶ BNB,"Crypto is volatile.  Remember to exercise prudent risk management when trading. If you don't know what TP/SL means, you should learn about it.  Screen shot from a demo.",10/24/2023 03:12 PM,False,5544,1198,1741
120,CZ ğŸ”¶ BNB,"gm to the holders. It wasn't easy, but...",10/24/2023 06:50 AM,False,13288,1655,2308
121,CZ ğŸ”¶ BNB,"The golden ticket to train with @Cristiano Ronaldo, with flights/hotel/etc covered by #Binance, still hasn't been claimed.  Get your free CR7 ForeverZone box and it could be yours.  â¡ï¸ binance.com/en/activity/cr7-â€¦",10/23/2023 03:12 PM,False,2265,616,569
122,Binance,"Is it Uptober?  Catch the wave on #Binance!  Trade $50 of #Bitcoin or your other favourite coins on spot to win a share of 5,000 $USDT in token vouchers.  Start here â¡ï¸ https://www.binance.com/en/support/announcement/01c2871b7138476d8adbdc7cf539edfe?ref=AZTKZ9XS&utm_source=BinanceTwitter&utm_medium=GlobalSocial&utm_campaign=GlobalSocial",10/23/2023 12:06 PM,True,1349,426,460
123,Binance,#Binance Halloween has only just begun.  Get ready for spooooky activities!,10/23/2023 08:00 AM,True,1620,483,519
124,Binance,"From â€˜Challengeâ€™ to â€˜Changeâ€™.  Earlier this year, we hosted a good deed challenge for Ramadan, where our #Binance community proposed ways to do good with $3,000.  Meet @0xAsharib, our winner! ğŸ§µ",10/17/2023 04:45 PM,True,1076,345,316
125,CZ ğŸ”¶ BNB,3 years...,10/20/2023 11:23 AM,False,5125,1001,738
126,CZ ğŸ”¶ BNB,Keep building.   https://www.binance.com/en/feed/post/1415905?ref=527648310&utm_campaign=app_share_link&utm_source=twitter,10/19/2023 08:39 PM,False,5497,1116,1427
127,Binance VIP & Institutional,"How do market makers influence price volatility and market liquidity?  @stefwynendaele, the VP of Market-Making at @KeyrockTrading will break it down for you on Oct 23rd on #Binance VIP Voices.  Set a reminder â¡ï¸ https://safu.im/22ZSGQOl",10/16/2023 03:24 PM,True,834,454,196
128,ChartsBTC,"Bitcoin's evolution: 1st halving $12, 2nd halving $648, 3rd halving $8,572. The 4th halving is in 6 months â°ğŸ¿ğŸš€ #Bitcoin",10/18/2023 06:00 PM,True,1912,607,378
129,CZ ğŸ”¶ BNB,"Things to do and not do when you see me at an event.   1. Always happy to take a selfie. Letâ€™s do it quickly. Donâ€™t try to pitch your project (especially when there are many others waiting).  2. Please post the selfie on social media afterwards, for all to see. Please do not use it privately to say â€œI know CZ well  â€¦â€  3. Donâ€™t ask about listings.   4. Letâ€™s do 4s in the selfies. ğŸ˜‚",10/18/2023 03:53 PM,False,5437,757,1310
130,CZ ğŸ”¶ BNB,"""I think there is a world market for maybe five computers."" - Thomas Watson, president of IBM, 1943 ğŸ¤·â€â™‚ï¸",10/18/2023 07:14 AM,False,4126,638,801
131,BNB Chain,"Today weâ€™re launching the BNB Greenfield Mainnet!  Our decentralized data storage network is now fully released to the public, marking a new era for Web3 data ownership.  In just five months, we've made incredible strides! ğŸ§µ[1/7]  https://www.bnbchain.org/en/blog/bnb-chains-greenfield-mainnet-launch-marks-new-era-for-web3-data",10/17/2023 01:16 PM,True,5010,7231,1060
132,CZ ğŸ”¶ BNB,"Earlier today, there was a hardware failure...  https://www.binance.com/en/feed/post/1384410?ref=10033515&utm_medium=web_share_link_twitter",10/17/2023 11:29 AM,False,1972,399,851
133,CZ ğŸ”¶ BNB,"They say developers like to stay in a dark room, alone, no commute, work from 2PM to 5AM...  Daily Life of Binance Developers https://www.binance.com/en/blog/community/daily-life-of-binance-developers-7732437827770299759?utm_medium=web_share_link_twitter",10/16/2023 04:31 PM,False,1700,408,541
134,CZ ğŸ”¶ BNB,Beware of phishing scams.,10/16/2023 02:00 PM,False,1420,291,378
135,Trust Wallet,"Introducing #TrustWallet's biggest update yet; our reimagined brand, revamped app & #TrustWalletExtensionğŸ’™ğŸ’š  Weâ€™ve evolved into more than just a wallet. Explore our new #Web3 gateway & control your own financial freedom. #FreedomFoundations  Get readyâ¤µï¸ https://short.trustwallet.com/NewTrust",10/16/2023 11:58 AM,True,16798,22656,2891
136,CZ ğŸ”¶ BNB,"You won't be able to escape inflation completely, but there are many tools you can use to shield yourself from it to a large extent. You have choices.",10/16/2023 10:10 AM,False,4377,725,958
137,CZ ğŸ”¶ BNB,Deflationary #BNB,10/16/2023 07:07 AM,False,3311,656,607
138,Binance,#Binance completes the 25th Quarterly #BNB Burn!  ğŸ”¥ 2.14m #BNB has been burned ğŸ”¥,10/16/2023 06:52 AM,True,2703,721,542
139,CZ ğŸ”¶ BNB,ğŸ”¥ https://www.binance.com/en/feed/post/1366382,10/16/2023 07:00 AM,False,1652,286,398
140,CZ ğŸ”¶ BNB,It feels like every crypto guy I know are in UAEğŸ‡¦ğŸ‡ª or BahrainğŸ‡§ğŸ‡­,10/15/2023 09:29 PM,False,5106,553,1185
141,CZ ğŸ”¶ BNB,This is my opinion. ğŸ˜‚,10/14/2023 10:06 PM,False,1519,107,271
142,CZ ğŸ”¶ BNB,"If you form your opinions from other peoples opinions, especially from online, you are doomed to be poor.   Get facts, then form your own opinions.   Ps. 99% of â€œfactsâ€ out there are opinions, assumptions, inaccurate, wrong, or deliberately false.  ğŸ‘€ open your eyes. ğŸ™",10/14/2023 09:58 PM,False,8417,1568,1283
143,Matt Levine,"this is absolutely wild but my favorite bit is maybe when someone asks ""what's the #1 thing that CZ might find in diligence that could blow up the deal"" and she's like ""oh nothing, FTX is pretty straightforward, except for the customer funds shortfall.""",10/14/2023 07:18 PM,True,2730,320,158
144,CZ ğŸ”¶ BNB,Dex rising.   ğŸ‘‰ https://www.binance.com/en/feed/post/1332085?ref=10033515&utm_campaign=app_share_link&utm_source=twitter,10/13/2023 01:37 PM,False,2948,511,917
145,CZ ğŸ”¶ BNB,"""Still a fan..."" ğŸ˜‚  Lesson: Forget about your competitors; focus on your customers. - Jack Ma",10/11/2023 06:59 PM,False,5129,777,981
146,Binance,"#Binance and @Cristiano are giving away 50,000 free surprises!  And one lucky winner will win the golden ticket - a trip to train with the GOAT.  Join us at the CR7 ForeverZone to claim your free CR7 ForeverZone Box â¤µï¸",10/11/2023 02:00 PM,True,2312,852,726
147,CZ ğŸ”¶ BNB,This feature impacts some trading & cancelling behaviors. Please take note.ğŸ™,10/11/2023 02:05 PM,False,1483,277,516
148,CZ ğŸ”¶ BNB,here is my submission #Bin4nce,10/10/2023 05:22 PM,False,8930,1235,2040
149,CZ ğŸ”¶ BNB,"Another Launchpool.  Keep building, and keep supporting builders.",10/10/2023 11:15 AM,False,1782,337,35
150,CZ ğŸ”¶ BNB,"#BNB is a fair launch token. Ie, no one got free BNB tokens from the initial supply. The ""team tokens"" was never moved or used, it was only burnt.  Speaking of which, another burn coming up in a few days! ğŸ”¥",10/10/2023 09:07 AM,False,4137,746,972
151,CZ ğŸ”¶ BNB,"In my world:  The more people working on a task, the slower it moves. The less people working on a task, the faster it gets done.  ğŸ¤·â€â™‚ï¸",10/09/2023 04:42 PM,False,8290,1131,1701
152,CZ ğŸ”¶ BNB,Copy trading is now live on #Binance.   You can replicate the trades of some of the best traders on our platform.  Try it here: https://app.binance.com/en/copy-trading?_dp=L2NvcHlUcmFkaW5nL2hvbWU=,10/09/2023 01:18 PM,False,2465,482,38
153,CZ ğŸ”¶ BNB,Beware of scammers. Stay #SAFU!,10/09/2023 08:52 AM,False,2493,549,702
154,CZ ğŸ”¶ BNB,#Binance added the #bitcoin halving countdown to our homepage.  And here are my thoughts around the Bitcoin Halvings...  https://www.binance.com/en/feed/post/1286229?ref=10033515&utm_medium=web_share_link_twitter,10/08/2023 06:52 PM,False,4849,984,907
155,CZ ğŸ”¶ BNB,UK update   https://www.binance.com/en/blog/ecosystem/binance-launches-uk-domain-in-compliance-with-new-financial-promotions-rules-2903800236178709961,10/06/2023 09:02 PM,False,2454,431,37
156,Trust Wallet,The countdown is on.     #FreedomFoundations #TrustYourself,10/04/2023 03:07 PM,True,4228,1474,960
157,CZ ğŸ”¶ BNB,#Binance Feed doesn't have an API. No bots. ğŸ¤£  https://www.binance.com/en/feed,10/06/2023 08:47 AM,False,1833,416,805
158,CZ ğŸ”¶ BNB,Education,10/05/2023 09:14 PM,False,1172,218,413
159,CZ ğŸ”¶ BNB,"Just made my first post on @Binance Feed. ğŸ‘‡ You can too.  It's a new platform. As always, we welcome your feedback to improve it.  As I have 0 followers and followings now, I will follow the early adopters aggressively. Go there and follow me. ğŸ™  https://www.binance.com/en/feed/post/1265308",10/05/2023 08:42 PM,False,2609,491,941
160,CZ ğŸ”¶ BNB,"All KYC'ed users around the world. Hopefully, there will be less spam and bots.  (No US users. This feature is not available on @BinanceUS).",10/05/2023 08:31 PM,False,1251,264,343
161,CZ ğŸ”¶ BNB,"Who designed this bike? If we can find the original creator (of the image), I will give him some #BNB.   Don't know why, I kinda like it. ğŸ˜‚",10/05/2023 04:42 PM,False,4743,683,1484
162,CZ ğŸ”¶ BNB,Just saw the interns launched a 4 photoshop contestâ€¦  Weâ€™ll give 1 #BNB to 10 of our favorite edits of this photo.  Use #Bin4nce when you share it so they can find them ğŸ˜‚,10/05/2023 01:24 PM,False,3165,622,1356
163,Binance,"Take the stress out of trading with the Spot DCA Bot on #Binance  Benefit from volatility by automating your buys at low prices, and selling at predetermined points.  Try it today ğŸ‘‰ https://app.binance.com/en/trading-bots/spot/dca-bot/BTCUSDT?ref=AZTKZ9XS&utm_source=BinanceTwitter&utm_medium=GlobalSocial&utm_campaign=GlobalSocial",10/04/2023 12:57 PM,True,806,269,263
164,CZ ğŸ”¶ BNB,"#Binance Feed will open to all content creators soon, too. Ie, all users can create content.",10/04/2023 02:17 PM,False,2974,567,799
165,CZ ğŸ”¶ BNB,Troll and earn.,10/04/2023 12:45 PM,False,2181,418,679
166,Binance,"Explore #Binance, learn about crypto, and earn rewards.  Get involved in our Quest To Earn challenge today to earn up to $60 in #BNB  More details here ğŸ‘‰ https://www.binance.com/en/activity/mission/quest-to-earn?ref=AZTKZ9XS&utm_source=BinanceTwitter&utm_medium=GlobalSocial&utm_campaign=GlobalSocial",10/03/2023 12:01 PM,True,1460,601,717
167,CZ ğŸ”¶ BNB,#Binance Aids Royal Thai Police in Crackdown on Criminal Networks | @Binance Blog https://www.binance.com/en/blog/ecosystem/binance-aids-royal-thai-police-in-crackdown-on-criminal-networks-9108477038245506340,10/03/2023 07:10 AM,False,2684,598,602
168,CZ ğŸ”¶ BNB,It's a direct screenshot from a demo of the Binance web interface. Not a photoshop or post marked image.,10/02/2023 03:10 PM,False,451,64,162
169,CZ ğŸ”¶ BNB,Have you used this feature on @Binance?,10/02/2023 03:09 PM,False,5213,826,1294
170,CZ ğŸ”¶ BNB,Enough said about his new book... ğŸ˜‚,10/02/2023 08:15 AM,False,1911,307,491
171,CZ ğŸ”¶ BNB,â€œThe guys who held last week were so lucky!â€ ğŸ˜‚,10/02/2023 07:18 AM,False,3693,518,741
172,CZ ğŸ”¶ BNB,"ğŸ¤·â€â™‚ï¸  Binance v. SEC: Paradigm Files Amicus Brief, Accuses SEC Of Regulatory Overreach https://bitcoinist.com/paradigm-amicus-accuses-sec-of-regulatory-overreach/",09/30/2023 10:21 AM,False,3865,1102,761
173,CZ ğŸ”¶ BNB,Applies not only to X. ğŸ˜‚,09/29/2023 04:43 PM,False,4082,581,560
174,CZ ğŸ”¶ BNB,Pic by @hongshen6666.,09/29/2023 03:21 PM,False,173,39,61
175,CZ ğŸ”¶ BNB,T&Cs apply: https://ter.li/o59m4r,09/29/2023 03:21 PM,False,115,37,47
176,CZ ğŸ”¶ BNB,æœˆåœ†Â·å¸åœ†Â·äººå›¢åœ†  ç¥å…¨çƒåè¯­ç”¨æˆ·ä»¬ï¼Œä¸­ç§‹ä½³èŠ‚æ„‰å¿«ï¼  é€å‡ºä¸€ä»½ #Binance é”®ç›˜å¥—è£…ï¼Œå¸Œæœ›å¤§å®¶å¯ä»¥hodlä½å¹¸ç¦å’Œå¿«ä¹ã€‚  ç•™è¨€æ™’å‡ºä½ çš„æœˆé¥¼ / ç¯ç¬¼ â¬‡ï¸  - Giving away this #Binance keyboard for Mid Autumn Festival.  Show me your mooncake or lantern to enter.,09/29/2023 03:21 PM,False,1733,327,634
177,CZ ğŸ”¶ BNB,Our Chinese and Arabic ancestors figured out crypto. They both made MOON festivals! And they both land on today.  ä¸­ç§‹å¿«ä¹ï¼,09/29/2023 01:17 PM,False,3690,603,710
178,CZ ğŸ”¶ BNB,Happy Mawlid al-Nabi! ğŸŒœ,09/29/2023 01:13 PM,False,13722,2138,1410
179,CZ ğŸ”¶ BNB,Fixed. Thank you for your patience and support. ğŸ™,09/29/2023 12:13 PM,False,1823,233,322
180,CZ ğŸ”¶ BNB,This is a display ONLY issue. Trading not affected.,09/29/2023 08:37 AM,False,1497,241,351
181,CZ ğŸ”¶ BNB,"Root cause identified, some new code caused it. Need to revert and fix data.  Engineers say 1hr ETA for fix. So, expect 2hr or so. ğŸ™",09/29/2023 08:30 AM,False,1461,334,303
182,CZ ğŸ”¶ BNB,UI composite Kline has issue: https://fapi.binance.com/fapi/v1/continuousKlines?pair=BTCUSDT&contractType=PERPETUAL&interval=1m&limit=1000,09/29/2023 08:26 AM,False,268,47,49
183,CZ ğŸ”¶ BNB,Raw Kline is fine: https://fapi.binance.com/fapi/v1/klines?symbol=BTCUSDT&limit=500&interval=5m,09/29/2023 08:26 AM,False,299,47,54
184,CZ ğŸ”¶ BNB,"Futures Kline (chart) display issue on BTCUSDT. The UI aggregated Kline has issue, the raw Kline via api is working fine.  Trading not affected.  Team is fixing.",09/29/2023 08:23 AM,False,2537,309,526
185,CZ ğŸ”¶ BNB,When you give interns access to your X account...,09/29/2023 08:07 AM,False,1059,83,319
186,CZ ğŸ”¶ BNB,"Got it as a gift from our local partner in Malaysia on that day. I posted a picture from this event before, with that shirt, on that day.  The only time I wear that shirt, also the only time I met with Gatita. But I have a feeling this photo will follow me around for a bit.ğŸ˜‚",09/28/2023 08:54 AM,True,468,104,212
187,CZ ğŸ”¶ BNB,This is an important announcement impacting some EUR / Paysafe users. There should also be replacement fiat channels going live soon. Please stay tuned. ğŸ™  Important Updates for Paysafe Users | Binance Support https://www.binance.com/en/support/announcement/important-updates-for-paysafe-users-7dc31be6889b4fc8ab21292856f38e0f,09/28/2023 07:37 AM,False,3301,721,692
188,CZ ğŸ”¶ BNB,"Some answers about Binance/CommEx.  There will be crypto transfers between Binance & CommEx as users migrate with their funds. There are also older transactions during the testing phase of the integrations. This is expected.  A few ex-Binance CIS team members may join their team, or have already done so. We think that is a good thing.  Their design, APIs, etc are similar to Binance. We asked for this to ensure a smooth user experience.  CommEx does not service US or EU users. They have IP and KYC blocks. This is a term we asked for in the deal.  I am not their UBO, nor do I own any shares there. The deal does not have any buy back options. (A google search seem to show some businesses like Mercedes, McDonalds, Nissan have buy back options in their Russia sell off deal. This is not the case here.)  ğŸ™",09/28/2023 07:17 AM,False,2179,355,501
189,CZ ğŸ”¶ BNB,"Don't believe people when they show a selfie and say they are close to CZ or Binance, etc. I am not a networker, and have a very small number of close friends. I do take a LOT of selfies with people.  I have probably taken selfies with more than 10,000 people so far.  At events, I take selfies with almost anyone who asks.   Our team have a process where one ""intern"" helps people to form a line, takes their phone, pass it to another ""intern photographer"", who snap a pic in less than 3 seconds. Can easily get through 300 selfies in 15-20 min. Takes only 30 events to reach 10,000 selfies. I attended more events than that last year alone, not to mention previous years.  Stay SAFU! ğŸ™",09/27/2023 07:59 PM,False,5728,682,916
190,CZ ğŸ”¶ BNB,"Crypto is great for many things, including travel.  Keep pushing adoption. #Binance",09/27/2023 05:48 PM,False,1917,292,31
191,Binance,We think you deserve that trip.  Celebrate World Tourism Day with a vacation paid for with crypto.  #TravelWithBinance today! ğŸ›«,09/27/2023 12:09 PM,True,1681,586,464
192,CZ ğŸ”¶ BNB,"Everything will be done to ensure a smooth transition. All user funds are safe!  Also:  Among other things, #BNB holders will continue to enjoy a 25% trading fee discount on @CommEX_com.",09/27/2023 08:27 AM,False,2748,668,582
193,CZ ğŸ”¶ BNB,One step at a time.,09/27/2023 08:20 AM,False,1570,245,355
194,CZ ğŸ”¶ BNB,The screenshot was taking just a minute ago. Not a saved image. Source: https://www.wsj.com/articles/crypto-bitcoin-ftx-bankman-fried-11661206532,09/26/2023 08:38 PM,False,892,112,203
195,CZ ğŸ”¶ BNB,WSJ called SBF a savior... ğŸ¤·â€â™‚ï¸ğŸ˜‚,09/26/2023 08:29 PM,False,5386,710,992
196,CZ ğŸ”¶ BNB,Too lazy to even post 4.  Focus on building.,09/26/2023 08:15 PM,False,6764,740,1397
197,CZ ğŸ”¶ BNB,We're Still the Most Compliant Crypto Exchange Today: Binance's New CMO Sheds Light On Its Urgent Challenges (Exclusive)  Another interaction with CryptoPotato (ğŸ˜‚inside joke). https://cryptopotato.com/were-still-the-most-compliant-crypto-exchange-today-binances-new-cmo-sheds-light-on-its-urgent-challenges-exclusive/,09/26/2023 03:33 PM,False,2604,604,582
198,CZ ğŸ”¶ BNB,Education.  #Binance Academy Notes 62% Increase in Usage Led by Learners from Emerging Markets https://www.coinspeaker.com/binance-academy-emerging-markets/,09/26/2023 12:45 PM,False,2000,408,449
199,CZ ğŸ”¶ BNB,More stablecoins coming.  Binance Japan partners with MUFJ on stablecoin development https://forkast.news/binance-japan-partners-mufj-stablecoin-development/,09/26/2023 08:28 AM,False,5324,1037,915
200,CZ ğŸ”¶ BNB,"Another hack happened yesterday with Mixin. I am not familiar with it. It was hard to understand.  A ""decentralized peer-to-peer network"" had a ""database"", which when hacked, can lose half of the users' assets...  Not everything that claims to be decentralized is.  Stay #SAFUğŸ™",09/25/2023 03:22 PM,False,3311,752,817
201,CZ ğŸ”¶ BNB,"A week after you rename your exchange after FTX... ğŸ˜‚  Jokes aside, our security team will help in tracking hacker funds in all cases where we can.",09/25/2023 03:13 PM,False,4804,599,879
202,CZ ğŸ”¶ BNB,"The strength of your hand, is determined during a dip.",09/25/2023 02:12 PM,False,5879,819,681
203,CZ ğŸ”¶ BNB,Over a million people use #BNB Chain every day.,09/24/2023 03:07 PM,False,8154,1286,2063
204,CZ ğŸ”¶ BNB,"Copied/adapted ğŸ˜‚, from:  If life were predictable it would cease to be life and be without flavor. - Eleanor Roosevelt",09/23/2023 09:37 PM,False,1109,183,144
205,CZ ğŸ”¶ BNB,If markets are predictable it would cease to be markets and be without profits.,09/23/2023 09:37 PM,False,2615,476,570
206,CZ ğŸ”¶ BNB,"If you want to ""buy low, sell high"", then you have to act accordingly when it is low.  Not financial advice. I also don't recommend this strategy for most people. DCA then Hold is simpler.",09/23/2023 09:31 PM,False,8791,1701,1571
207,CZ ğŸ”¶ BNB,Feed from KOLs now appear directly on Binance.com homepage. Rolling out to all languages soon.,09/23/2023 04:16 PM,False,2322,444,630
208,CZ ğŸ”¶ BNB,Fuddlers don't work on weekends. ğŸ˜‚,09/23/2023 03:54 PM,False,5252,726,1396
209,CZ ğŸ”¶ BNB,"If you want a coin to be listed on @Binance, read this ğŸ‘‡ https://www.binance.com/en/blog/from-cz/binance-listing-tips-from-cz-421499824684902218",09/22/2023 03:53 PM,False,6536,1633,3467
210,CZ ğŸ”¶ BNB,I am stable. ğŸ˜‚ğŸ¤·â€â™‚ï¸,09/22/2023 01:38 PM,False,2044,250,656
211,CZ ğŸ”¶ BNB,"Interesting to learn that Elon uses a ""hardcore"" value. I didn't know that before, and we use the same word from 6 years ago. Admittedly, his hardcore seems to be more hardcore than ours. ""Revolutionizing industries is not for the faint of heart.""  He can tolerate rockets blowing up, but not people who don't know their numbers. He fires people quickly, and with no emotional baggage. Maybe an advantage of having asperger.  His algorithm is excellent, especially the ""question every requirement"" part. Everyday, I find someone working on something stupid because they blindly followed ""some requirement"".   Interesting to learn the little details, and the character behind it.",09/22/2023 01:27 PM,False,747,132,133
212,CZ ğŸ”¶ BNB,The new Elon Musk book by Walter Isaacson is pretty good.,09/22/2023 01:27 PM,False,4158,435,605
213,Binance VIP & Institutional,"We're pleased to announce @NikitaAFadeev, partner at Fasanara Capital, as our next guest on #Binance VIP Voices.     ğŸ“† September 28 â° 17:00 UTC   ğŸ“https://www.linkedin.com/events/binancevipvoicesep-2withnikitaf7110461970515992576/theater/",09/21/2023 08:05 AM,True,531,202,196
214,CZ ğŸ”¶ BNB,Binance Brings Law Enforcement Expertise to Hong Kong International Symposium on Cyber Policing | Binance Blog https://www.binance.com/en/blog/ecosystem/binance-brings-law-enforcement-expertise-to-hong-kong-international-symposium-on-cyber-policing-3815824125081248102,09/21/2023 03:07 PM,False,2910,643,746
215,CZ ğŸ”¶ BNB,The top menu on Binance.com has changed a bit. It's simpler now.   The fact that no one complained about the change probably means we should have done it much sooner.  Keep building.,09/21/2023 01:21 PM,False,4553,543,799
216,CZ ğŸ”¶ BNB,Who did this?  (I was not there. I don't even know where it is. When you give free rein to Interns... ğŸ¤·â€â™‚ï¸ ),09/21/2023 01:18 PM,False,4102,583,888
217,CZ ğŸ”¶ BNB,They fixed the article now. I was told. ğŸ™,09/20/2023 08:54 PM,False,667,78,226
218,Rachel Conlan,"For bringing crypto to the next billion people, #Binance is the place to be.  Iâ€™m incredibly excited and humbled to take on the role of CMO, alongside a world-class marketing and executive team that always puts users first.  Let's keep building!  https://www.binance.com/en/blog/leadership/binance-announces-rachel-conlan-as-chief-marketing-officer-3151244541602122461",09/20/2023 05:42 AM,True,1319,321,481
219,CZ ğŸ”¶ BNB,"The amount of wrong information is just...  They got the direction wrong. I loaned $250 million to BAM a while back, not the other way around. And have not taken it back. ğŸ¤·â€â™‚ï¸",09/20/2023 10:20 AM,False,7256,1261,1377
220,CZ ğŸ”¶ BNB,"Exercise caution when using DEX, or crypto in general. Stay #SAFU. ğŸ™",09/20/2023 10:07 AM,False,2847,553,577
221,CZ ğŸ”¶ BNB,"For the record. Binance US does not use, and have NEVER used Ceffu or Binance Custody.  You can't just make this stuff up. ğŸ¤·â€â™‚ï¸",09/19/2023 12:51 PM,False,5785,1068,1053
222,Binance,Last week was busy to say the least!   It was amazing to meet up with all of you for @Token2049 and the Grand Prix.   Let's do it again at #BinanceBlockchainWeek  Don't miss out â¡ï¸ https://ter.li/GetYourTickets,09/18/2023 04:04 PM,True,1057,303,303
223,sm,Seems like they canâ€™t find anything but they want to continue making headlines,09/18/2023 06:28 PM,True,589,107,110
224,CZ ğŸ”¶ BNB,"How can I get these?   The interns sends me pics to tweet, but not the actual merchandiseâ€¦ ğŸ¤·â€â™‚ï¸ğŸ˜­ğŸ¥º",09/18/2023 04:31 PM,False,6666,1009,1780
225,CZ ğŸ”¶ BNB,Very true! The saying:  You never get criticized by the people who do more than you; you only get criticized by people who do less.,09/18/2023 08:19 AM,True,1997,326,301
226,CZ ğŸ”¶ BNB,"Guess what? You can be criticized when you donate $3 million dollars worth of crypto after an earthquake.  While we got overwhelming positive feedback from our users about the donation (as seen in the quoted tweet), and while the issues raised are typically from traditional charity organizations who are not familiar with crypto, we still take the feedback seriously.  Here are 5 common issues raised:  1. People need food and water, not crypto.   We agree with that. Binance has dual programs. Binance has a history of providing essential items. Eg, food, water, masks, and even oxygen tanks that can save 12,000 people for covid victims in India, etc. These take time to organize. Crypto is fast.  2. People need cash, not crypto.   Crypto can be converted to cash readily, especially for our users.   A non crypto person saying crypto is not cash is like a blind person saying lights are useless.  3. The donation only helps our users, not all people in need.  We agree with that. We can only reach our users at this speed. We are not saying we can solve all problems, but we try to help the little bit where we can. Thatâ€™s what donations are.  4. Some of our users receiving the donation are not in affected areas.  We use a tiered system where our users closer to the epicenter get more. The POA (proof of address) system is not perfect, but it's what we got.  We believe the earthquake has long term economic impact for the country as a whole. Helping our users can't hurt.  5. Why donâ€™t we donate through traditional charity organizations?   Actually, we do. Charity donations do not have to be mutually exclusive. Binance works with many leading charity organizations in the world.  Traditional charities have some issues too though. The lack of traceability makes it difficult for our internal impact analysis.  With crypto, I can tell you we helped about 70,000 people in Morocco, and another 12,000 people in Libya.  We believe in direct giving.  More details in this blog: https://www.binance.com/en/blog/charity/how-crypto-can-transform-charitable-giving-3187406124285774725",09/18/2023 08:09 AM,False,6611,1052,1139
227,CZ ğŸ”¶ BNB,,09/17/2023 05:07 PM,False,1029,132,192
228,CZ ğŸ”¶ BNB,You may not know the origin of the #Binance logo.  https://medium.com/binanceexchange/are-you-committed-enough-to-tattoo-ef2085b0aed5,09/17/2023 04:46 PM,False,5483,698,1285
229,CZ ğŸ”¶ BNB,"Not sure why, but I like this ceiling light. ğŸ˜‚",09/17/2023 09:18 AM,False,4687,492,945
230,CZ ğŸ”¶ BNB,"Even or especially when you manage your own wallet, there are many more security procedures you need to follow. The article above covers some of the basics.",09/16/2023 08:57 AM,False,749,116,178
231,CZ ğŸ”¶ BNB,"Mark Cuban Confirms Getting Hacked for $870K on MetaMask. This happens to the most experienced of crypto users.  Read this article I wrote 3 years ago. There is a section about downloading software, wait 72 hrs, etc.  Stay #SAFU https://www.binance.com/en/blog/from-cz/keep-your-crypto-safu-czs-tips-421499824684900429",09/16/2023 08:55 AM,False,5839,1517,1054
232,CZ ğŸ”¶ BNB,"Not a bad meme... ğŸ˜‚  Out of my 20+ direct reports, only 1 left in the past year.  Moreover, while many of our ex-team members are very strong, change is not always a bad thing (even when a strong person leaves). We keep our teams dynamic to increase growth opportunities. ğŸ™",09/15/2023 08:48 PM,True,885,144,195
233,CZ ğŸ”¶ BNB,I love it when people give great book recommendations. ğŸ™,09/15/2023 08:30 PM,False,4071,450,1434
234,CZ ğŸ”¶ BNB,"There has been some speculation regarding recent management changes at @BinanceUS. Brian Shroder is taking a deserved break after accomplishing what he set out to do when he joined two years ago. Under his leadership, Binance.US raised capital, improved its product and service offerings, solidified internal processes, and gained significant market share, all of which helped to build a more resilient company for the benefit of customers. We are grateful for his contributions.  The crypto market is in a different place now than it was two years ago, with a rapidly evolving and increasingly hostile regulatory environment. Norman Reed â€“ former SEC, New York Fed, Ripple, and DTCC executive â€“ is the right person to lead @BinanceUS in this market.  Ignore FUD. Keep building. ğŸ™",09/15/2023 06:23 PM,False,6072,1134,899
235,Binance VIP & Institutional,"#Binance VIP Voices, our AMA series with industry leaders, is back!  Next episode we'll explore how quant funds try to outperform current market conditions. Share your questions to win exclusive VIP merchandise.  To enter:  ğŸ”¸ Retweet & follow @BinanceVIP ğŸ”¸Comment your questions",09/14/2023 02:40 PM,True,506,184,158
236,Noah Perlman,"In our latest blog, we take a look at market manipulation -- what it is and how #Binance takes steps to identify and combat it.  https://www.binance.com/en/blog/markets/detecting-and-preventing-market-manipulation-what-it-means-for-binance-users-5805952877444160785",09/15/2023 01:48 PM,True,862,683,195
237,Balaji,Just finished up with CZ at @Token2049.,09/14/2023 05:08 AM,True,2117,190,242
238,Richard Teng,Onstage with Pierre Gasly at TOKEN2049 for our fireside chat. Good luck for this weekendâ€™s race Pierre   #Binance #Alpine #PierreGasly,09/14/2023 08:46 AM,True,720,198,218
239,Binance,"It's the second day of @Token2049!   We have a day of fireside chats lined up, starting with @cz_binance's virtual chat with @balajis.",09/14/2023 03:45 AM,True,1196,315,338
240,CZ ğŸ”¶ BNB,"Rachel has been with @Binance for a while, and is a veteran in crypto before joining us. She has been driving many of our marketing initiatives for some time already. Please welcome her to her new role. I have high expectations. ğŸ˜†",09/13/2023 07:56 PM,False,3011,444,555
241,CZ ğŸ”¶ BNB,ğŸ”¥,09/13/2023 04:21 PM,False,3046,523,642
242,CZ ğŸ”¶ BNB,"Fast, scaleable, and super-low fees.  Let's build real world applications that require billions of messages/events per day. #BNB",09/13/2023 01:25 PM,False,3647,742,618
243,BNB Chain,"Today, we're launching the opBNB mainnet!  Our Layer 2 solution is now fully released to the public, allowing for lightning-fast transactions and super-low fees! âš¡  Let's dive deeper into the incredible benefits this brings to BSC ğŸ§µ[1/6]  https://www.bnbchain.org/en/blog/bnb-chains-l2-opbnb-mainnet-goes-live/",09/13/2023 10:30 AM,True,24085,106292,3431
244,Binance,"Our Head of Law Enforcement Training, Jarek Jakubcek, recently received a Certificate of Appreciation from @polinlove at their International Symposium on Cybercrime Response event.  We look forward to collaborating further with them, and other law enforcement agencies worldwide!",09/13/2023 09:19 AM,True,935,303,273
245,CZ ğŸ”¶ BNB,"Joining a session at Token 2049 virtually, not in person. ğŸ™",09/13/2023 09:01 AM,False,2978,422,856
246,Binance Afrique,"De 888 ETH Ã  0,63 ETH.  Le coÃ»t d'un nouvel iPhone au cours des 8 derniÃ¨res annÃ©es.  Cliquez sur le bouton like pour voir ce qui se passe â˜ºï¸ ğŸ‘‡ #AppleEvent",09/12/2023 09:17 PM,True,659,141,147
247,Walkerâš¡ï¸,"Shoutout to @JoeSquawk for putting #Bitcoin price in perspective and clearly being fed up with anyone who ignores that â€œitâ€™s outperformed every asset on the 1 year, 5 year, and 10 year.â€",09/12/2023 02:29 PM,True,2367,463,166
248,CZ ğŸ”¶ BNB,"Need a ""to scale"" version of this image. @CoinMarketCap ? ğŸ˜‚",09/12/2023 07:21 PM,False,2301,467,390
249,CZ ğŸ”¶ BNB,One more donation today. Stay strong Libya ğŸ‡±ğŸ‡¾  https://www.binance.com/en/blog/charity/binance-to-airdrop-up-to-$500000-in-bnb-to-users-in-libya-to-support-flood-recovery-4855163196973898134,09/12/2023 03:58 PM,False,6080,1132,930
250,CZ ğŸ”¶ BNB,UM Futures affected. CM seems to be ok. Our team is fixing.,09/12/2023 08:46 AM,False,1857,258,459
251,CZ ğŸ”¶ BNB,Experiencing a tech issue on futures. Our team is on it. ğŸ™,09/12/2023 08:42 AM,False,4508,590,874
252,CZ ğŸ”¶ BNB,I personally visited Morocco twice in the past year. Loved every bit of it. It's so sad to see this tragic event.,09/11/2023 07:01 PM,False,2570,177,249
253,CZ ğŸ”¶ BNB,"Our hearts go out to the people in MoroccoğŸ‡²ğŸ‡¦  #Binance to donate $3,000,000 in #BNB to our users in MoroccoğŸ‡²ğŸ‡¦  We standby our users in times of need. Stay strong. ğŸ™ https://www.binance.com/en/blog/charity/binance-to-airdrop-up-to-$3-million-in-bnb-to-users-in-the-morocco-earthquake-region-6962526806416134014",09/11/2023 07:00 PM,False,15982,2768,1983
254,CZ ğŸ”¶ BNB,.@TrustWallet swap supports 9000 tokens.,09/11/2023 03:12 PM,False,5470,827,1225
255,Binance,"The countdown is on â±ï¸  Exactly 60 days from now, we'll be bringing together all of you, our community, alongside industry leaders and experts at the #BinanceBlockchainWeek Istanbul.  Don't wait - grab your tickets now!  ğŸ‘‰ https://www.binanceblockchainweek.com/?ref=BBW2023&utm_source=BinanceTwitter&utm_medium=GlobalSocial&utm_campaign=BBW2023",09/09/2023 07:00 PM,True,1611,320,349
256,CZ ğŸ”¶ BNB,Or split up the big exchanges. ğŸ˜‚ğŸ¤·â€â™‚ï¸  Splitting up liquidity is not good for users. They get worse prices. Tradeoffs. Something to think about. ğŸ¤¯,09/10/2023 03:20 PM,False,1719,369,538
257,CZ ğŸ”¶ BNB,Reminder to use hardware 2FA (Yubikey) for all crypto platforms.,09/10/2023 08:23 AM,False,2262,431,469
258,CZ ğŸ”¶ BNB,"Vitalik's Twitter account got hacked. Use common sense when reading content on social media, even from large KOLs.  Twitter's account security is not designed as financial platforms. It needs quite a bit more features: 2FA, login id should be different from handle or email, etc.  In the past, I have had my Twitter account locked a few times due to hackers trying to brute-force it (trying different passwords repeatedly). This was before the ""Elon era"".  Stay #SAFU!",09/10/2023 08:18 AM,False,5943,1382,1078
259,Binance TR,"TÃ¼rkiye'nin lider yerel kripto varlÄ±k platformu #BinanceTR3YaÅŸÄ±ndağŸ‡¹ğŸ‡·  #Binance TR olarak, baÅŸarÄ±lar ve yeniliklerle dolu bir yÄ±lÄ± daha geride bÄ±rakmanÄ±n mutluluÄŸunu yaÅŸÄ±yoruz.  Sizlerle birlikte bÃ¼yÃ¼meye ve geliÅŸmeye devam ediyoruz. Beraber daha nice yÄ±llara!ğŸ¥³",09/09/2023 06:58 AM,True,801,295,200
260,CZ ğŸ”¶ BNB,The Apple iOS/iPadOS 16.6.1 updates today includes a security patch to an iMessage vulnerability that allows remote code execution WITHOUT ANY INTERACTIONS from the victim. It is being exploited in the wild by the Pegasus threat group already. Update immediately. Stay #SAFU.,09/08/2023 09:01 AM,False,5410,1411,859
261,CZ ğŸ”¶ BNB,Galileo didn't have X. ğŸ˜‚,09/08/2023 08:29 AM,False,3137,500,727
262,CZ ğŸ”¶ BNB,"1. Education.  #Binance is now on Megogo, one of Ukraineâ€™s biggest media platforms.  @BinanceUkraine bringing crypto education to the masses. ğŸ‘",09/07/2023 10:35 PM,False,1592,337,29
263,CZ ğŸ”¶ BNB,"Saw some debates in the community. When you do the right thing, and there is FUD, you don't have to do anything. The community defends you.  Let me summarize. There have been a lot of negative news/rumors, bank runs, lawsuits, closing of fiat channels, product wind downs, employee turnover, exit markets, etc.  Guess what we don't have?  No liquidity issues. All withdrawals (and deposits) are properly handled. All customer funds are #SAFU, and 100% reserved.  There are also: won court cases, bank run handled and then record deposits, new fiat channels, smooth sunsetting of old products and launching of new products, new hires, new markets.  Binance probably also have the lowest founding team turnover of any tech startup of our size and age, in the world.  Build. ğŸ¤·â€â™‚ï¸",09/07/2023 08:16 PM,False,8210,1379,1489
264,Mrvik.eth,"I have seen many #Binanceâ€¯â€¯â€¯ haters creating FUD in order to gain followers. Just want to ask, have you come across anyone who was or currently not able to redeem #BUSD ? More than 20b$ #BUSD have been redeemed whereas  #FTX failed while paying 8b$, still calling both the same",09/07/2023 10:55 AM,True,820,166,164
265,CZ ğŸ”¶ BNB,#Binance Charity  Revolutionizing Charity: How Crypto is Making a Difference  This education aspect ... as organizations are not only providing fish but teaching people how to catch their own. Recipients have access to a new financial system forever.  https://www.nasdaq.com/articles/revolutionizing-charity:-how-crypto-is-making-a-difference,09/06/2023 10:20 PM,False,2832,1164,1262
266,Tomdu.eth,"thanks @binance @cz_binance @sisibinance  I was refunded by binance for the amount of money scammed by $xirtam, thank you for ensuring safety in cryptocurrency, wish everyone binance and those who received refunds a good day",09/06/2023 09:19 AM,True,457,267,135
267,CZ ğŸ”¶ BNB,"Some of our team members are growing into bigger roles, some outside of #Binance. Some are doing new exciting ventures. I even made intros/references for many of them. We are supportive of everyone. We are one community.  This also creates more growth opportunities within #Binance, btw.  Ignore FUD, keep building!  https://cointelegraph.com/news/top-binance-execs-in-russia-leave-as-firm-considers-exiting-the-market",09/06/2023 12:34 PM,False,6037,1078,1357
268,Hypnogaba,"My experience with @binance .  Now, as always in recent years, the world's largest crypto exchange is getting a lot of fud. Not only regulators are trying to limit the possibilities for DEXes (and users in the end), but also entire countries in one form or another are trying to ""protect"" their citizens more and more by limiting access to different financial instruments.   I am not against restrictions and regulations. I know that Binance was one of the co-authors of the innovative legislation for France and the whole of Europe, MICA, which was supposed to develop the rules of the game and make life easier for ordinary users and protect their rights.   But today is not about that.  My experience has shown that @binance  has become a salvation for me over the past 3 years. Because of the war, all external payments from my country were blocked. And since I had some savings in the bank, if it wasn't for Binance and their p2p service, I would not have been able to get my money. Also, with the help of the Binance card, I am able to receive my salary and pay for my daily needs. All over the world. Easily and securely. Due to certain circumstances, I also switched to Binance earn as the most stable and profitable way to store my funds and receive passive income.   What's my point? I'm just a simple person, but life would be much more difficult for me without the features offered by Binance.   Looking to the future, I realize that cryptocurrencies and the modern digital services of WEB3 will not disappear.  That's why I registered a sub-account and save money for my daughter's education there) Because I know that in 18 years they will be there+ with a good % on top.   My post is a regular user's post, a post of a person who is grateful for everything that @cz_binance  and @davidprincay create.  I feel that this multi-million dollar corporation is doing its best  for all its users and I appreciate it.  THANK YOU.",09/06/2023 07:22 AM,True,781,156,237
269,CZ ğŸ”¶ BNB,"phewâ€¦ saved. ğŸ˜‚ Donâ€™t believe in a photoshopped image, guys. 4",09/05/2023 07:34 PM,False,4533,941,1135
270,CZ ğŸ”¶ BNB,Looking forward to this (virtual) chat with @balajis next week at @token2049.,09/05/2023 10:18 AM,False,1407,257,34
271,CZ ğŸ”¶ BNB,.@Cristiano is a cool dude. ğŸ‘,09/04/2023 08:47 PM,False,2885,476,659
